year,category,nominee,workers,winner
1949,BAFTA British Film,The Fallen Idol,,True
1949,BAFTA British Film,Odd Man Out,,True
1949,BAFTA Documentary,Louisiana Story,,True
1949,BAFTA Documentary,The World Is Rich,,True
1949,BAFTA Film From Any Source,The Best Years Of Our Lives,,True
1949,BAFTA Film From Any Source,Hamlet,,True
1949,BAFTA Special Award,Atomic Physics,,True
1949,BAFTA United Nations Award,No winner awarded this year,,True
1950,BAFTA British Film,The Third Man,,True
1950,BAFTA Documentary,Daybreak In Udi,,True
1950,BAFTA Film From Any Source,Bicycle Thieves (Ladri Di Biciclette),,True
1950,BAFTA Special Award,The Martin Family (La Famille Martin),,True
1950,BAFTA United Nations Award,The Search,,True
1951,BAFTA British Film,The Blue Lamp,,True
1951,BAFTA Documentary,The Undefeated,,True
1951,BAFTA Film From Any Source,All About Eve,,True
1951,BAFTA Special Award,The True Face Of Japan - This Modern Age,,True
1951,BAFTA United Nations Award,Intruder In The Dust,,True
1952,BAFTA British Film,The Lavender Hill Mob,,True
1952,BAFTA Documentary,Beaver Valley,,True
1952,BAFTA Film From Any Source,Roundabout (La Ronde),,True
1952,BAFTA Special Award,Gerald McBoing Boing,,True
1952,BAFTA United Nations Award,Four In A Jeep (Die Vier im Jeep),,True
1953,BAFTA British Actor,Ralph Richardson,The Sound Barrier,True
1953,BAFTA British Actress,Vivien Leigh,A Streetcar Named Desire,True
1953,BAFTA British Film,The Sound Barrier,,True
1953,BAFTA Documentary,Royal Journey,,True
1953,BAFTA Film From Any Source,The Sound Barrier,,True
1953,BAFTA Foreign Actor,Marlon Brando,"Viva, Zapata!",True
1953,BAFTA Foreign Actress,Simone Signoret,Golden Helmet (Casque D'Or),True
1953,BAFTA Most Promising Newcomer To Film,Claire Bloom,Limelight,True
1953,BAFTA Special Award,Animated Genesis,,True
1953,BAFTA United Nations Award,"Cry, The Beloved Country",,True
1954,BAFTA British Actor,John Gielgud,Julius Caesar,True
1954,BAFTA British Actress,Audrey Hepburn,Roman Holiday,True
1954,BAFTA British Film,Genevieve,,True
1954,BAFTA Certificate Of Merit,Elizabeth Is Queen,,True
1954,BAFTA Certificate Of Merit,A Queen Is Crowned,,True
1954,BAFTA Certificate Of Merit,The Conquest Of Everest,Thomas Stobart,True
1954,BAFTA Certificate Of Merit,Erich von Stroheim,,True
1954,BAFTA Documentary,The Conquest Of Everest,,True
1954,BAFTA Film From Any Source,Forbidden Games (Jeux Interdits),,True
1954,BAFTA Foreign Actor,Marlon Brando,Julius Caesar,True
1954,BAFTA Foreign Actress,Leslie Caron,Lili,True
1954,BAFTA Most Promising Newcomer To Film,Norman Wisdom,Trouble In Store,True
1954,BAFTA Special Award,The Romance Of Transportation,,True
1954,BAFTA United Nations Award,World Without End,,True
1955,BAFTA Animated Film,Song Of The Prairie (Arie Prerie),,True
1955,BAFTA British Actor,Kenneth More,Doctor In The House,True
1955,BAFTA British Actress,Yvonne Mitchell,The Divided Heart,True
1955,BAFTA British Film,Hobson's Choice,,True
1955,BAFTA British Screenplay,The Young Lovers,"George Tabori, Robin Estridge",True
1955,BAFTA Documentary,The Great Adventure (Det Stora Äventyret),,True
1955,BAFTA Film From Any Source,Wages Of Fear (Le Salaire De La Peur),,True
1955,BAFTA Foreign Actor,Marlon Brando,On The Waterfront,True
1955,BAFTA Foreign Actress,Cornell Borchers,The Divided Heart,True
1955,BAFTA Most Promising Newcomer To Film,David Kossoff,The Young Lovers,True
1955,BAFTA Special Award,Time Out Of War,,True
1955,BAFTA United Nations Award,The Divided Heart,,True
1956,BAFTA Animated Film,Blinkity Blank,,True
1956,BAFTA British Actor,Laurence Olivier,Richard III,True
1956,BAFTA British Actress,Katie Johnson,The Ladykillers,True
1956,BAFTA British Film,Richard III,,True
1956,BAFTA British Screenplay,The Ladykillers,William Rose,True
1956,BAFTA Documentary,The Vanishing Prairie,,True
1956,BAFTA Film From Any Source,Richard III,,True
1956,BAFTA Foreign Actor,Ernest Borgnine,Marty,True
1956,BAFTA Foreign Actress,Betsy Blair,Marty,True
1956,BAFTA Most Promising Newcomer To Film,Paul Scofield,That Lady,True
1956,BAFTA Special Award,The Bespoke Overcoat,,True
1956,BAFTA United Nations Award,Children of Hiroshima (Gembaku No Ko),,True
1957,BAFTA Animated Film,Gerald McBoing Boing On Planet Moo,,True
1957,BAFTA British Actor,Peter Finch,A Town Like Alice,True
1957,BAFTA British Actress,Virginia McKenna,A Town Like Alice,True
1957,BAFTA British Film,Reach For The Sky,,True
1957,BAFTA British Screenplay,The Man Who Never Was,Nigel Balchin,True
1957,BAFTA Documentary,On The Bowery,,True
1957,BAFTA Film From Any Source,Gervaise,,True
1957,BAFTA Foreign Actor,François Périer,Gervaise,True
1957,BAFTA Foreign Actress,Anna Magnani,The Rose Tattoo,True
1957,BAFTA Most Promising Newcomer To Film,Eli Wallach,Baby Doll,True
1957,BAFTA Special Award,The Red Balloon (Le Ballon Rouge),,True
1957,BAFTA United Nations Award,Race For Life,,True
1958,BAFTA Animated Film,Pan-Tele-Tron,,True
1958,BAFTA British Actor,Alec Guinness,The Bridge On The River Kwai,True
1958,BAFTA British Actress,Heather Sears,The Story Of Esther Costello,True
1958,BAFTA British Film,The Bridge On The River Kwai,,True
1958,BAFTA British Screenplay,The Bridge On The River Kwai,Pierre Boulle,True
1958,BAFTA Documentary,Journey Into Spring,,True
1958,BAFTA Film From Any Source,The Bridge On The River Kwai,,True
1958,BAFTA Foreign Actor,Henry Fonda,Twelve Angry Men,True
1958,BAFTA Foreign Actress,Simone Signoret,The Witches Of Salem (Les Sorcières De Salem),True
1958,BAFTA Most Promising Newcomer To Film,Eric Barker,Brothers In Law,True
1958,BAFTA Special Award,A Chairy Tale,,True
1958,BAFTA United Nations Award,The Happy Road (La Route Joyeuse),,True
1959,BAFTA Animated Film,The Little Island,,True
1959,BAFTA British Actor,Trevor Howard,The Key,True
1959,BAFTA British Actress,Irene Worth,Orders To Kill,True
1959,BAFTA British Film,Room At The Top,,True
1959,BAFTA British Screenplay,Orders to Kill,Paul Dehn,True
1959,BAFTA Documentary,Glass (Glas),,True
1959,BAFTA Film From Any Source,Room At The Top,,True
1959,BAFTA Foreign Actor,Sidney Poitier,The Defiant Ones,True
1959,BAFTA Foreign Actress,Simone Signoret,Room At The Top,True
1959,BAFTA Most Promising Newcomer To Film,Paul Massie,Orders To Kill,True
1959,BAFTA Special Award,The Children's Film Foundation,,True
1959,BAFTA United Nations Award,The Defiant Ones,,True
1960,BAFTA Animated Film,The Violinist,Ernest Pintoff,True
1960,BAFTA British Actor,Peter Sellers,I'm All Right Jack,True
1960,BAFTA British Actress,Audrey Hepburn,The Nun's Story,True
1960,BAFTA British Film,Sapphire,Basil Dearden,True
1960,BAFTA British Screenplay,"I'm All Right, Jack","Frank Harvey, John Boulting, Alan Hackney",True
1960,BAFTA Film From Any Source,Ben Hur,William Wyler,True
1960,BAFTA Foreign Actor,Jack Lemmon,Some Like It Hot,True
1960,BAFTA Foreign Actress,Shirley MacLaine,Ask Any Girl,True
1960,BAFTA Most Promising Newcomer To Film,Hayley Mills,Tiger Bay,True
1960,BAFTA Robert Flaherty Award,The Savage Eye,"Joseph Strick, Sidney Meyers, Ben Maddow",True
1960,BAFTA Short Film,Seven Cities of Antarctica,Winston Hibler,True
1960,BAFTA Specialised Film,This Is The BBC,Richard Cawston,True
1960,BAFTA United Nations Award,On The Beach,Stanley Kramer,True
1961,BAFTA Animated Film,Universe,"Roman Kroitor, Colin Low",True
1961,BAFTA British Actor,Peter Finch,The Trials Of Oscar Wilde,True
1961,BAFTA British Actress,Rachel Roberts,Saturday Night And Sunday Morning,True
1961,BAFTA British Film,Saturday Night And Sunday Morning,Karel Reisz,True
1961,BAFTA British Screenplay,The Angry Silence,Bryan Forbes,True
1961,BAFTA Film From Any Source,The Apartment,Billy Wilder,True
1961,BAFTA Foreign Actor,Jack Lemmon,The Apartment,True
1961,BAFTA Foreign Actress,Shirley MacLaine,The Apartment,True
1961,BAFTA Most Promising Newcomer To Leading Film Roles,Albert Finney,Saturday Night And Sunday Morning,True
1961,BAFTA Robert Flaherty Award,Category not awarded this year,,True
1961,BAFTA Short Film,High Journey,Peter Baylis,True
1961,BAFTA Specialised Film,Dispute,Fred Moore,True
1961,BAFTA United Nations Award,"Hiroshima, My Love (Hiroshima, Mon Amour)",Alain Resnais,True
1962,BAFTA Animated Film,One Hundred And One Dalmatians,,True
1962,BAFTA British Actor,Peter Finch,No Love For Johnnie,True
1962,BAFTA British Actress,Dora Bryan,A Taste Of Honey,True
1962,BAFTA British Film,A Taste Of Honey,,True
1962,BAFTA British Screenplay,The Day The Earth Caught Fire,"Wolf Mankowitz, Val Guest",True
1962,BAFTA British Screenplay,A Taste Of Honey,"Shelagh Delaney, Tony Richardson",True
1962,BAFTA Film From Any Source,Ballad Of A Soldier (Ballada O Soldate),,True
1962,BAFTA Film From Any Source,The Hustler,,True
1962,BAFTA Foreign Actor,Paul Newman,The Hustler,True
1962,BAFTA Foreign Actress,Sophia Loren,Two Women,True
1962,BAFTA Most Promising Newcomer To Leading Film Roles,Rita Tushingham,A Taste Of Honey,True
1962,BAFTA Robert Flaherty Award,Volcano (Les Rendez-vous Du Diable),,True
1962,BAFTA Short Film,Terminus,John Schlesinger,True
1962,BAFTA Specialised Film,No winner awarded this year,,True
1962,BAFTA United Nations Award,Let My People Go,,True
1963,BAFTA Animated Film,The Apple,,True
1963,BAFTA British Actor,Peter O'Toole,Lawrence Of Arabia,True
1963,BAFTA British Actress,Leslie Caron,The L-Shaped Room,True
1963,BAFTA British Film,Lawrence Of Arabia,,True
1963,BAFTA British Screenplay,Lawrence Of Arabia,Robert Bolt,True
1963,BAFTA Film From Any Source,Lawrence Of Arabia,,True
1963,BAFTA Foreign Actor,Burt Lancaster,The Birdman Of Alcatraz,True
1963,BAFTA Foreign Actress,Anne Bancroft,The Miracle Worker,True
1963,BAFTA Most Promising Newcomer To Leading Film Roles,Tom Courtenay,The Loneliness Of The Long Distance Runner,True
1963,BAFTA Robert Flaherty Award,Category not awarded this year,,True
1963,BAFTA Short Film,Incident At Owl Creek (La Rivière Du Hibou),,True
1963,BAFTA Specialised Film,Four Line Conics,,True
1963,BAFTA United Nations Award,Reach For The Sky,,True
1964,BAFTA Animated Film,Automania 2000,,True
1964,BAFTA Animated Film,The Critic,,True
1964,BAFTA British Actor,Dirk Bogarde,The Servant,True
1964,BAFTA British Actress,Rachel Roberts,This Sporting Life,True
1964,BAFTA British Cinematography,The Servant,Douglas Slocombe,True
1964,BAFTA British Cinematography,From Russia With Love,Ted Moore,True
1964,BAFTA British Film,Tom Jones,,True
1964,BAFTA British Screenplay,Tom Jones,John Osborne,True
1964,BAFTA Film From Any Source,Tom Jones,,True
1964,BAFTA Foreign Actor,Marcello Mastroianni,"Divorce, Italian Style (Divorzio All'Italiana)",True
1964,BAFTA Foreign Actress,Patricia Neal,Hud,True
1964,BAFTA Most Promising Newcomer To Leading Film Roles,James Fox,The Servant,True
1964,BAFTA Robert Flaherty Award,Category not awarded this year,,True
1964,BAFTA Short Film,Happy Anniversary,,True
1964,BAFTA Specialised Film,Category not awarded this year,,True
1964,BAFTA United Nations Award,Inheritance,,True
1965,BAFTA Animated Film,The Insects,,True
1965,BAFTA British Actor,Richard Attenborough,Guns At Batasi/Séance On A Wet Afternoon,True
1965,BAFTA British Actress,Audrey Hepburn,Charade,True
1965,BAFTA British Art Direction,Dr Strangelove,Ken Adam,True
1965,BAFTA British Art Direction,Becket,John Bryan,True
1965,BAFTA British Cinematography,The Pumpkin Eater,Oswald Morris,True
1965,BAFTA British Cinematography,Becket,Geoffrey Unsworth,True
1965,BAFTA British Costume Design,The Pumpkin Eater,Motley,True
1965,BAFTA British Costume Design,Becket,Margaret Furse,True
1965,BAFTA British Film,Dr Strangelove,,True
1965,BAFTA British Screenplay,The Pumpkin Eater,Harold Pinter,True
1965,BAFTA Film,Dr Strangelove,,True
1965,BAFTA Foreign Actor,Marcello Mastroianni,"Yesterday, Today And Tomorrow (Ieri, Oggi, Domani)",True
1965,BAFTA Foreign Actress,Anne Bancroft,The Pumpkin Eater,True
1965,BAFTA Most Promising Newcomer To Leading Film Roles,Julie Andrews,Mary Poppins,True
1965,BAFTA Robert Flaherty Award,Nobody Waved Goodbye,,True
1965,BAFTA Short Film,Kenojuak,,True
1965,BAFTA Specialised Film,Driving Technique - Passenger Trains,,True
1965,BAFTA United Nations Award,Dr Strangelove,,True
1966,BAFTA Animated Film,Be Careful Boys,"Vera Linnecar, Nancy Hanna, Keith Learner",True
1966,BAFTA British Actor,Dirk Bogarde,Darling,True
1966,BAFTA British Actress,Julie Christie,Darling,True
1966,BAFTA British Art Direction,Darling,Ray Simm,True
1966,BAFTA British Art Direction,The Ipcress File,Ken Adam,True
1966,BAFTA British Cinematography,The Hill,Oswald Morris,True
1966,BAFTA British Cinematography,The Ipcress File,Otto Heller,True
1966,BAFTA British Costume Design,Category not awarded this year,,True
1966,BAFTA British Costume Design,Those Magnificent Men In Their Flying Machines,"Osbert Lancaster, Dinah Greet",True
1966,BAFTA British Film,The Ipcress File,Sidney J Furie,True
1966,BAFTA British Screenplay,Darling,Frederic Raphael,True
1966,BAFTA Film,My Fair Lady,George Cukor,True
1966,BAFTA Foreign Actor,Lee Marvin,The Killers/Cat Ballou,True
1966,BAFTA Foreign Actress,Patricia Neal,In Harm's Way,True
1966,BAFTA Most Promising Newcomer To Leading Film Roles,Judi Dench,Four In The Morning,True
1966,BAFTA Robert Flaherty Award,Tokyo Olympiad,Kon Ichikawa,True
1966,BAFTA Short Film,Rig Move,Don Higgins,True
1966,BAFTA Specialised Film,I Do - And I Understand,Derek Williams,True
1966,BAFTA United Nations Award,Tokyo Olympiad,Kon Ichikawa,True
1967,BAFTA Animated Film,Category not awarded this year,,True
1967,BAFTA Best Cinematography,The Spy Who Came In From The Cold,Oswald Morris,True
1967,BAFTA British Actor,Richard Burton,The Spy Who Came In From The Cold/Who's Afraid Of Virginia Woolf?,True
1967,BAFTA British Actress,Elizabeth Taylor,Who's Afraid Of Virginia Woolf?,True
1967,BAFTA British Art Direction,The Spy Who Came In From The Cold,Tambi Larsen,True
1967,BAFTA British Art Direction,The Blue Max,Wilfrid Shingleton,True
1967,BAFTA British Cinematography,Arabesque,Christopher Challis,True
1967,BAFTA British Costume Design,Category not awarded this year,,True
1967,BAFTA British Costume Design,The Wrong Box,Julie Harris,True
1967,BAFTA British Film,The Spy Who Came In From The Cold,Martin Ritt,True
1967,BAFTA British Screenplay,Morgan - A Suitable Case For Treatment,David Mercer,True
1967,BAFTA Editing,Morgan - A Suitable Case For Treatment,Tom Priestley,True
1967,BAFTA Film,Who's Afraid Of Virginia Woolf?,Mike Nichols,True
1967,BAFTA Foreign Actor,Rod Steiger,The Pawnbroker,True
1967,BAFTA Foreign Actress,Jeanne Moreau,Viva Maria,True
1967,BAFTA Most Promising Newcomer To Leading Film Roles,Vivien Merchant,Alfie,True
1967,BAFTA Robert Flaherty Award,Goal! The World Cup,"Abidine Dino, Ross Devenish",True
1967,BAFTA Short Film,The War Game,Peter Watkins,True
1967,BAFTA Specialised Film,Exploring Chemistry,Robert Parker,True
1967,BAFTA United Nations Award,The War Game,Peter Watkins,True
1968,BAFTA Animated Film,Notes On A Triangle,René Jodoin,True
1968,BAFTA British Actor,Paul Scofield,A Man For All Seasons,True
1968,BAFTA British Actress,Edith Evans,The Whisperers,True
1968,BAFTA British Art Direction,Category not awarded this year,,True
1968,BAFTA British Art Direction,A Man For All Seasons,John Box,True
1968,BAFTA British Cinematography,The Whisperers,Gerry Turpin,True
1968,BAFTA British Cinematography,A Man For All Seasons,Ted Moore,True
1968,BAFTA British Costume Design,Mademoiselle,Jocelyn Rickards,True
1968,BAFTA British Costume Design,A Man For All Seasons,"Elizabeth Haffenden, Joan Bridge",True
1968,BAFTA British Film,A Man For All Seasons,Fred Zinnemann,True
1968,BAFTA British Screenplay,A Man For All Seasons,Robert Bolt,True
1968,BAFTA Editing,Category not awarded this year,,True
1968,BAFTA Film,A Man For All Seasons,Fred Zinnemann,True
1968,BAFTA Foreign Actor,Rod Steiger,In The Heat Of The Night,True
1968,BAFTA Foreign Actress,Anouk Aimée,A  Man And A Woman (Un Homme Et Une Femme),True
1968,BAFTA Most Promising Newcomer To Leading Film Roles,Faye Dunaway,Bonnie And Clyde/Hurry Sundown,True
1968,BAFTA Robert Flaherty Award,To Die In Madrid,Frederic Rossif,True
1968,BAFTA Short Film,Indus Waters,Derek Williams,True
1968,BAFTA Specialised Film,Energy And Matter,Robert Verrall,True
1968,BAFTA United Nations Award,In The Heat Of The Night,Norman Jewison,True
1969,BAFTA Actor,Spencer Tracy,Guess Who's Coming To Dinner?,True
1969,BAFTA Actress,Katharine Hepburn,The Lion In Winter/Guess Who's Coming To Dinner?,True
1969,BAFTA Animated Film,Dance For Two (Pas De Deux),Norman McLaren,True
1969,BAFTA Anthony Asquith Award for Original Film Music,The Lion In Winter,John Barry,True
1969,BAFTA Art Direction,2001: A Space Odyssey,"Tony Masters, Harry Lange, Ernest Archer",True
1969,BAFTA British Cinematography,2001: A Space Odyssey,Geoffrey Unsworth,True
1969,BAFTA Costume Design,Romeo And Juliet,Danilo Donati,True
1969,BAFTA Direction,The Graduate,Mike Nichols,True
1969,BAFTA Editing,The Graduate,Sam O'Steen,True
1969,BAFTA Film,The Graduate,Mike Nichols,True
1969,BAFTA Most Promising Newcomer To Leading Film Roles,Dustin Hoffman,The Graduate,True
1969,BAFTA Robert Flaherty Award,In Need Of Special Care,"Jonathan Stedall - Camphill Rudolph Steiner School, Aberdeen",True
1969,BAFTA Screenplay,The Graduate,"Calder Willingham, Buck Henry",True
1969,BAFTA Short Film,Category not awarded this year,,True
1969,BAFTA Soundtrack,2001: A Space Odyssey,Winston Ryder,True
1969,BAFTA Specialised Film,The Threat In The Water,Richard Bigham,True
1969,BAFTA Supporting Actor,Ian Holm,The Bofors Gun,True
1969,BAFTA Supporting Actress,Billie Whitelaw,Twisted Nerve/Charlie Bubbles,True
1969,BAFTA United Nations Award,Guess Who's Coming To Dinner?,Stanley Kramer,True
1970,BAFTA Actor,Dustin Hoffman,Midnight Cowboy/John And Mary,True
1970,BAFTA Actress,Maggie Smith,The Prime Of Miss Jean Brodie,True
1970,BAFTA Animated Film,Category not awarded this year,,True
1970,BAFTA Anthony Asquith Award for Original Film Music,Z,Mikis Theodorakis,True
1970,BAFTA Art Direction,Oh! What A Lovely War,Don Ashton,True
1970,BAFTA Cinematography,Oh! What A Lovely War,Gerry Turpin,True
1970,BAFTA Costume Design,Oh! What A Lovely War,Anthony Mendleson,True
1970,BAFTA Direction,Midnight Cowboy,John Schlesinger,True
1970,BAFTA Editing,Midnight Cowboy,Hugh A Robertson,True
1970,BAFTA Film,Midnight Cowboy,,True
1970,BAFTA Most Promising Newcomer To Leading Film Roles,Jon Voight,Midnight Cowboy,True
1970,BAFTA Robert Flaherty Award,Prologue,National Film Board Of Canada,True
1970,BAFTA Screenplay,Midnight Cowboy,Waldo Salt,True
1970,BAFTA Short Film,Picture To Post,Sarah Erulkar,True
1970,BAFTA Soundtrack,Oh! What A Lovely War,"Don Challis, Simon Kaye",True
1970,BAFTA Specialised Film,Let There Be Light,Peter De Normanville,True
1970,BAFTA Supporting Actor,Laurence Olivier,Oh! What A Lovely War,True
1970,BAFTA Supporting Actress,Celia Johnson,The Prime Of Miss Jean Brodie,True
1970,BAFTA United Nations Award,Oh! What A Lovely War,,True
1971,BAFTA Actor,Robert Redford,Butch Cassidy And The Sundance Kid/Tell Them Willie Boy Is Here/Downhill Racer,True
1971,BAFTA Actress,Katharine Ross,Butch Cassidy And The Sundance Kid/Tell Them Willie Boy Is Here,True
1971,BAFTA Animated Film,Henry Nine 'Til Five,Bob Godfrey,True
1971,BAFTA Anthony Asquith Memorial Award,Butch Cassidy And The Sundance Kid,Burt Bacharach,True
1971,BAFTA Art Direction,Waterloo,Mario Garbuglia,True
1971,BAFTA Cinematography,Butch Cassidy And The Sundance Kid,Conrad Hall,True
1971,BAFTA Costume Design,Waterloo,Maria De Matteis,True
1971,BAFTA Direction,Butch Cassidy And The Sundance Kid,George Roy Hill,True
1971,BAFTA Fellowship,Alfred Hitchcock,,True
1971,BAFTA Film,Butch Cassidy And The Sundance Kid,,True
1971,BAFTA Film Editing,Butch Cassidy And The Sundance Kid,"John C Howard, Richard C Meyer",True
1971,BAFTA Most Promising Newcomer To Leading Film Roles,David Bradley,Kes,True
1971,BAFTA Robert Flaherty Award,Sad Song Of Yellow Skin,National Film Board Of Canada,True
1971,BAFTA Screenplay,Butch Cassidy And The Sundance Kid,William Goldman,True
1971,BAFTA Short Film,The Shadow Of Progress,Derek Williams,True
1971,BAFTA Soundtrack,Butch Cassidy And The Sundance Kid,"Don Hall, David Dockendorf, William Edmundson",True
1971,BAFTA Specialised Film,The Rise And Fall Of The Great Lakes,William Mason,True
1971,BAFTA Supporting Actor,Colin Welland,Kes,True
1971,BAFTA Supporting Actress,Susannah York,"They Shoot Horses, Don't They?",True
1971,BAFTA United Nations Award,M*A*S*H,,True
1972,BAFTA Actor,Peter Finch,"Sunday, Bloody Sunday",True
1972,BAFTA Actress,Glenda Jackson,"Sunday, Bloody Sunday",True
1972,BAFTA Animated Film,Category not awarded this year,,True
1972,BAFTA Anthony Asquith Memorial Award,Summer Of '42,Michel Legrand,True
1972,BAFTA Art Direction,Death In Venice,Ferdinando Scarfiotti,True
1972,BAFTA Cinematography,Death In Venice,Pasquale De Santis,True
1972,BAFTA Costume Design,Death In Venice,Piero Tosi,True
1972,BAFTA Direction,"Sunday, Bloody Sunday",John Schlesinger,True
1972,BAFTA Fellowship,Freddie Young,,True
1972,BAFTA Film,"Sunday, Bloody Sunday",,True
1972,BAFTA Film Editing,"Sunday, Bloody Sunday",Richard Marden,True
1972,BAFTA Most Promising Newcomer To Leading Film Roles,Dominic Guard,The Go-Between,True
1972,BAFTA Robert Flaherty Award,The Hellstrom Chronicle,Walon Green,True
1972,BAFTA Screenplay,The Go-Between,Harold Pinter,True
1972,BAFTA Short Film,Alaska: The Great Land,Derek Williams,True
1972,BAFTA Soundtrack,Death In Venice,"Vittorio Trentino, Giuseppe Muratori",True
1972,BAFTA Specialised Film,The Savage Voyage,Eric Marquis,True
1972,BAFTA Supporting Actor,Edward Fox,The Go-Between,True
1972,BAFTA Supporting Actress,Margaret Leighton,The Go-Between,True
1972,BAFTA United Nations Award,The Battle Of Algiers,Gillo Pontecorvo,True
1973,BAFTA Actor,Gene Hackman,The French Connection/The Poseidon Adventure,True
1973,BAFTA Actress,Liza Minnelli,Cabaret,True
1973,BAFTA Animated Film,Category not awarded this year,,True
1973,BAFTA Anthony Asquith Memorial Award,The Godfather,Nino Rota,True
1973,BAFTA Art Direction,Cabaret,Rolf Zehetbauer,True
1973,BAFTA Cinematography,Cabaret/Alice's Adventures In Wonderland,Geoffrey Unsworth,True
1973,BAFTA Costume Design,Young Winston/Macbeth/Alice's Adventures In Wonderland,Anthony Mendleson,True
1973,BAFTA Direction,Cabaret,Bob Fosse,True
1973,BAFTA Film,Cabaret,,True
1973,BAFTA Film Editing,The French Connection,Gerry Greenberg,True
1973,BAFTA John Grierson Award,Memorial,,True
1973,BAFTA Most Promising Newcomer To Leading Film Roles,Joel Grey,Cabaret,True
1973,BAFTA Robert Flaherty Award,Category not awarded this year,,True
1973,BAFTA Screenplay,The Hospital,Paddy Chayefsky,True
1973,BAFTA Screenplay,The Last Picture Show,"Larry McMurtry, Peter Bogdanovich",True
1973,BAFTA Soundtrack,Cabaret,"David Hildyard, Robert Knudson, Arthur Piantadosi",True
1973,BAFTA Specialised Film,Cutting Oils And Fluids,,True
1973,BAFTA Supporting Actor,Ben Johnson,The Last Picture Show,True
1973,BAFTA Supporting Actress,Cloris Leachman,The Last Picture Show,True
1973,BAFTA United Nations Award,The Garden Of The Finzi-Continis (Il Giardino Dei Finzi-Contini),,True
1974,BAFTA Actor,Walter Matthau,Pete 'N' Tillie/Charley Varrick,True
1974,BAFTA Actress,Stéphane Audran,The Discreet Charm Of The Bourgeoisie (Le Charme Discret De La Bourgeoisie)/Just Before Nightfall,True
1974,BAFTA Animated Film,Tchou Tchou,,True
1974,BAFTA Anthony Asquith Memorial Award,O Lucky Man!,Alan Price,True
1974,BAFTA Art Direction,The Hireling,Natasha Kroll,True
1974,BAFTA Cinematography,Don't Look Now,Anthony Richmond,True
1974,BAFTA Costume Design,The Hireling,Phyllis Dalton,True
1974,BAFTA Direction,Day For Night (La Nuit Américaine),François Truffaut,True
1974,BAFTA Fellowship,David Lean,,True
1974,BAFTA Film,Day For Night (La Nuit Américaine),,True
1974,BAFTA Film Editing,The Day Of The Jackal,Ralph Kemplen,True
1974,BAFTA John Grierson Award,Caring For History,,True
1974,BAFTA Most Promising Newcomer To Leading Film Roles,Peter Egan,The Hireling,True
1974,BAFTA Robert Flaherty Award,Grierson,National Film Board of Canada,True
1974,BAFTA Screenplay,The Discreet Charm Of The Bourgeoisie (Le Charme Discret De La Bourgeoisie),"Luis Buñuel, Jean-Claude Carrière",True
1974,BAFTA Soundtrack,Jesus Christ Superstar,"Les Wiggins, Gordon K McCallum, Keith Grant",True
1974,BAFTA Specialised Film,A Man's World,,True
1974,BAFTA Supporting Actor,Arthur Lowe,O Lucky Man!,True
1974,BAFTA Supporting Actress,Valentine Cortese,Day For Night (La Nuit Américaine),True
1974,BAFTA United Nations Award,State Of Siege (État De Siège),Costa-Gavras,True
1975,BAFTA Actor,Jack Nicholson,The Last Detail/Chinatown,True
1975,BAFTA Actress,Joanne Woodward,"Summer Wishes, Winter Dreams",True
1975,BAFTA Animated Film,Hunger (La Faim),,True
1975,BAFTA Anthony Asquith Memorial Award,Murder On The Orient Express,Richard Rodney Bennett,True
1975,BAFTA Art Direction,The Great Gatsby,John Box,True
1975,BAFTA Cinematography,The Great Gatsby,Douglas Slocombe,True
1975,BAFTA Costume Design,The Great Gatsby,Theoni V Aldredge,True
1975,BAFTA Direction,Chinatown,Roman Polanski,True
1975,BAFTA Fellowship,Jacques Cousteau,,True
1975,BAFTA Film,Lacombe Lucien,Louis Malle,True
1975,BAFTA Film Editing,The Conversation,"Walter Murch, Richard Chew",True
1975,BAFTA John Grierson Award,Location North Sea,John Armstrong,True
1975,BAFTA Most Promising Newcomer To Leading Film Roles,Georgina Hale,Mahler,True
1975,BAFTA Robert Flaherty Award,Cree Hunters Of Mistassini,"Boyce Richardson, Tony Ianuzielo",True
1975,BAFTA Screenplay,Chinatown/The Last Detail,Robert Towne,True
1975,BAFTA Soundtrack,The Conversation,"Art Rochester, Nat Boxer, Mike Ejve, Walter Murch",True
1975,BAFTA Specialised Film,Monet In London,David Thompson,True
1975,BAFTA Supporting Actor,John Gielgud,Murder On The Orient Express,True
1975,BAFTA Supporting Actress,Ingrid Bergman,Murder On The Orient Express,True
1975,BAFTA United Nations Award,Lacombe Lucien,Louis Malle,True
1976,BAFTA Actor,Al Pacino,The Godfather Part II/Dog Day Afternoon,True
1976,BAFTA Actress,Ellen Burstyn,Alice Doesn't Live Here Anymore,True
1976,BAFTA Animated Film,Great,Bob Godfrey,True
1976,BAFTA Anthony Asquith Award for Original Film Music,Jaws/The Towering Inferno,John Williams,True
1976,BAFTA Art Direction,Rollerball,John Box,True
1976,BAFTA Cinematography,Barry Lyndon,John Alcott,True
1976,BAFTA Costume Design,The Day Of The Locust,Ann Roth,True
1976,BAFTA Direction,Barry Lyndon,Stanley Kubrick,True
1976,BAFTA Fellowship,Charles Chaplin,,True
1976,BAFTA Fellowship,Laurence Olivier,,True
1976,BAFTA Film,Alice Doesn't Live Here Anymore,,True
1976,BAFTA Film Editing,Dog Day Afternoon,Dede Allen,True
1976,BAFTA John Grierson Award,Sea Area Forties,John Armstrong,True
1976,BAFTA Most Promising Newcomer To Leading Film Roles,Valerie Perrine,Lenny,True
1976,BAFTA Robert Flaherty Award,The Early Americans,Alan Pendry,True
1976,BAFTA Screenplay,Alice Doesn't Live Here Anymore,Robert Getchell,True
1976,BAFTA Soundtrack,Nashville,"William A Sawyer, Jim Webb, Chris McLaughlin, Richard Portman",True
1976,BAFTA Specialised Film,The Curiosity That Kills The Cat,Cedric Maggs,True
1976,BAFTA Supporting Actor,Fred Astaire,The Towering Inferno,True
1976,BAFTA Supporting Actress,Diane Ladd,Alice Doesn't Live Here Anymore,True
1976,BAFTA United Nations Award,Conrack,,True
1977,BAFTA Actor,Jack Nicholson,One Flew Over The Cuckoo's Nest,True
1977,BAFTA Actress,Louise Fletcher,One Flew Over The Cuckoo's Nest,True
1977,BAFTA Anthony Asquith Memorial Award,Taxi Driver,Bernard Herrmann (Posthumous),True
1977,BAFTA Cinematography,Picnic At Hanging Rock,Russell Boyd,True
1977,BAFTA Costume Design,The Marquise Of O (Die Marquise Von O),Moidele Bickel,True
1977,BAFTA Direction,One Flew Over The Cuckoo's Nest,Milos Forman,True
1977,BAFTA Fellowship,Denis Forman,,True
1977,BAFTA Film,One Flew Over The Cuckoo's Nest,"Saul Zaentz, Michael Douglas",True
1977,BAFTA Film Editing,One Flew Over The Cuckoo's Nest,"Richard Chew, Lynzee Klingman, Sheldon Kahn",True
1977,BAFTA Most Promising Newcomer To Leading Film Roles,Jodie Foster,Bugsy Malone/Taxi Driver,True
1977,BAFTA Production Design,Bugsy Malone,Geoffrey Kirkland,True
1977,BAFTA Robert Flaherty Award,The Canadians (Los Canadienses),Albert Kish,True
1977,BAFTA Screenplay,Bugsy Malone,Alan Parker,True
1977,BAFTA Short Factual Film,The End Of The Road,John Amstrong,True
1977,BAFTA Short Fictional Film,Category not awarded this year,,True
1977,BAFTA Soundtrack,Bugsy Malone,"Les Wiggins, Clive Winter, Ken Barker",True
1977,BAFTA Specialised Film,Hydraulics,Anthony Searle,True
1977,BAFTA Supporting Actor,Brad Dourif,One Flew Over The Cuckoo's Nest,True
1977,BAFTA Supporting Actress,Jodie Foster,Bugsy Malone/Taxi Driver,True
1977,BAFTA United Nations Award,Category not awarded this year,,True
1978,BAFTA Actor,Peter Finch,Network,True
1978,BAFTA Actress,Diane Keaton,Annie Hall,True
1978,BAFTA Anthony Asquith Award for Original Film Music,A Bridge Too Far,John Addison,True
1978,BAFTA Cinematography,A Bridge Too Far,Geoffrey Unsworth,True
1978,BAFTA Costume Design,Fellini's Casanova (Il Casanova Di Federico Fellini),Danilo Donati,True
1978,BAFTA Direction,Annie Hall,Woody Allen,True
1978,BAFTA Factual Film,The Living City,"Peter De Normanville, Sarak Erulkar",True
1978,BAFTA Fellowship,Fred Zinnemann,,True
1978,BAFTA Fictional Film,The Bead Game,Ishu Patel,True
1978,BAFTA Film,Annie Hall,"Jack Rollins, Charles H Joffe",True
1978,BAFTA Film Editing,Annie Hall,"Ralph Rosenblum, Wendy Greene Bricmont",True
1978,BAFTA Most Promising Newcomer To Leading Film Roles,Isabelle Huppert,The Lacemaker (La Dentellière),True
1978,BAFTA Production Design,Fellini's Casanova (Il Casanova Di Federico Fellini),Danilo Donati,True
1978,BAFTA Robert Flaherty Award,Category not awarded this year,,True
1978,BAFTA Screenplay,Annie Hall,"Woody Allen, Marshall Brickman",True
1978,BAFTA Soundtrack,A Bridge Too Far,"Peter Horrocks, Gerry Humphreys, Simon Kaye, Robin O'Donoghue, Les Wiggins",True
1978,BAFTA Specialised Film,Path Of The Paddle,Bill Mason,True
1978,BAFTA Supporting Actor,Edward Fox,A Bridge Too Far,True
1978,BAFTA Supporting Actress,Jenny Agutter,Equus,True
1979,BAFTA Actor,Richard Dreyfuss,The Goodbye Girl,True
1979,BAFTA Actress,Jane Fonda,Julia,True
1979,BAFTA Anthony Asquith Award for Original Film Music,Star Wars,John Williams,True
1979,BAFTA Cinematography,Julia,Douglas Slocombe,True
1979,BAFTA Costume Design,Death On The Nile,Anthony Powell,True
1979,BAFTA Direction,Midnight Express,Alan Parker,True
1979,BAFTA Film,Julia,,True
1979,BAFTA Film Editing,Midnight Express,Gerry Hambling,True
1979,BAFTA Most Promising Newcomer To Leading Film Roles,Christopher Reeve,Superman,True
1979,BAFTA Outstanding British Contribution To Cinema,"Les Bowie, Colin Chilvers, Denys Coop, Roy Field, Derek Meddings, Zorin Perisic, Wally Veevers",Special Visual Effects Team – Superman,True
1979,BAFTA Production Design,Close Encounters Of The Third Kind,Joe Alves,True
1979,BAFTA Robert Flaherty Award,The Silent Witness,David Rolfe,True
1979,BAFTA Screenplay,Julia,Alvin Sargent,True
1979,BAFTA Short Factual Film,Hokusai: An Animated Sketchbook,Tony White,True
1979,BAFTA Short Fictional Film,Category not awarded this year,,True
1979,BAFTA Soundtrack,Star Wars,"Sam Shaw, Robert R Rutledge, Gordon Davidson, Gene Corso, Derek Ball, Don MacDougall, Bob Minkler, Ray West, Mike Minkler, Lester Fresholtz, Richard Portman, Ben Burtt",True
1979,BAFTA Specialised Film,Twenty Times More Likely,Robert Young,True
1979,BAFTA Supporting Actor,John Hurt,Midnight Express,True
1979,BAFTA Supporting Actress,Geraldine Page,Interiors,True
1980,BAFTA Actor,Jack Lemmon,The China Syndrome,True
1980,BAFTA Actress,Jane Fonda,The China Syndrome,True
1980,BAFTA Anthony Asquith Award for Original Film Music,Days Of Heaven,Ennio Morricone,True
1980,BAFTA Cinematography,The Deer Hunter,Vilmos Zsigmond,True
1980,BAFTA Costume Design,Yanks,Shirley Russell,True
1980,BAFTA Direction,Apocalypse Now,Francis Ford Coppola,True
1980,BAFTA Fellowship,John Huston,,True
1980,BAFTA Film,Manhattan,Woody Allen,True
1980,BAFTA Film Editing,The Deer Hunter,Peter Zinner,True
1980,BAFTA Most Promising Newcomer To Leading Film Roles,Dennis Christopher,Breaking Away,True
1980,BAFTA Outstanding British Contribution To Cinema,The Children's Film Foundation,,True
1980,BAFTA Production Design,Alien,Michael Seymour,True
1980,BAFTA Robert Flaherty Award,The Tree Of Wooden Clogs,Ermanno Olmi,True
1980,BAFTA Screenplay,Manhattan,"Woody Allen, Marshall Brickman",True
1980,BAFTA Short Film,Butch Minds The Baby,Peter Webb,True
1980,BAFTA Soundtrack,Alien,"Derrick Leather, Jim Shields, Bill Rowe",True
1980,BAFTA Supporting Actor,Robert Duvall,Apocalypse Now,True
1980,BAFTA Supporting Actress,Rachel Roberts,Yanks,True
1981,BAFTA Actor,John Hurt,The Elephant Man,True
1981,BAFTA Actress,Judy Davis,My Brilliant Career,True
1981,BAFTA Animated Film,The Three Inventors,Michel Ocelot,True
1981,BAFTA Cinematography,All That Jazz,Giuseppe Rotunno,True
1981,BAFTA Costume Design,Kagemusha,Seiichiro Momosawa,True
1981,BAFTA Direction,Kagemusha,Akira Kurosawa,True
1981,BAFTA Editing,All That Jazz,Alan Heim,True
1981,BAFTA Fellowship,Emeric Pressburger,,True
1981,BAFTA Fellowship,Michael Powell,,True
1981,BAFTA Fellowship,Abel Gance,,True
1981,BAFTA Film,The Elephant Man,Jonathan Sanger,True
1981,BAFTA Most Promising Newcomer To Leading Film Roles,Judy Davis,My Brilliant Career,True
1981,BAFTA Original Film Music,The Empire Strikes Back,John Williams,True
1981,BAFTA Outstanding British Contribution To Cinema,Kevin Brownlow,,True
1981,BAFTA Production Design,The Elephant Man,Stuart Craig,True
1981,BAFTA Robert Flaherty Award,Category not awarded this year,,True
1981,BAFTA Screenplay,Being There,Jerzy Kosinski,True
1981,BAFTA Short Film,Sredni Vashtar,Andrew Birkin,True
1981,BAFTA Sound,Fame,"Chris Newman, Les Wiggins, Michael J Kohut",True
1981,BAFTA Special Award,Jimmy Wright,,True
1982,BAFTA Actor,Burt Lancaster,Atlantic City,True
1982,BAFTA Actress,Meryl Streep,The French Lieutenant's Woman,True
1982,BAFTA Animated Film,The Sweater,Sheldon Cohen,True
1982,BAFTA Cinematography,Tess,"Geoffrey Unsworth, Ghislain Cloquet",True
1982,BAFTA Costume Design,Chariots Of Fire,Milena Canonero,True
1982,BAFTA Direction,Atlantic City,Louis Malle,True
1982,BAFTA Editing,Raging Bull,Thelma Schoonmaker,True
1982,BAFTA Fellowship,Andrzej Wajda,,True
1982,BAFTA Film,Chariots Of Fire,David Puttnam,True
1982,BAFTA Most Promising Newcomer To Leading Film Roles,Joe Pesci,Raging Bull,True
1982,BAFTA Original Film Music,The French Lieutenant's Woman,Carl Davis,True
1982,BAFTA Outstanding British Contribution To Cinema,David Puttnam,,True
1982,BAFTA Production Design,Raiders Of The Lost Ark,Norman Reynolds,True
1982,BAFTA Robert Flaherty Award,Soldier Girls,"Nick Broomfield, Joan Churchill",True
1982,BAFTA Screenplay,Gregory's Girl,Bill Forsyth,True
1982,BAFTA Short Film,Recluse,Bob Bentley,True
1982,BAFTA Sound,The French Lieutenant's Woman,"Don Sharpe, Ivan Sharrock, Bill Rowe",True
1982,BAFTA Supporting Artist,Ian Holm,Chariots Of Fire,True
1983,BAFTA Actor,Ben Kingsley,Gandhi,True
1983,BAFTA Actress,Katharine Hepburn,On Golden Pond,True
1983,BAFTA Cinematography,Blade Runner,Jordan Cronenweth,True
1983,BAFTA Costume Design,Blade Runner,"Charles Knode, Michael Kaplan",True
1983,BAFTA Direction,Gandhi,Richard Attenborough,True
1983,BAFTA Fellowship,Richard Attenborough,,True
1983,BAFTA Film,Gandhi,Richard Attenborough,True
1983,BAFTA Film Editing,Missing,Françoise Bonnot,True
1983,BAFTA Foreign Language Film,Christ Stopped At Eboli (Cristo Si È Fermato A Eboli),Francesco Rosi,True
1983,BAFTA Make,"Sarah Monzani, Christopher Tucker, Michelle Burke",Quest For Fire,True
1983,BAFTA Most Promising Newcomer To Leading Film Roles,Gandhi,Ben Kingsley,True
1983,BAFTA Original Song Written for a Film,Pink Floyd The Wall (Another Brick In The Wall),Roger Waters,True
1983,BAFTA Outstanding British Contribution To Cinema,Arthur Wooster,,True
1983,BAFTA Production Design,Blade Runner,Lawrence G Paull,True
1983,BAFTA Robert Flaherty Award,Burden Of Dreams,Les Blank,True
1983,BAFTA Score for a Film,ET: The Extra-Terrestrial,John Williams,True
1983,BAFTA Screenplay,Missing,"Costa-Gavras, Donald Stewart",True
1983,BAFTA Short Animation,Dreamland Express,David Anderson,True
1983,BAFTA Short Film,The Privilege,Ian Knox,True
1983,BAFTA Sound,Pink Floyd The Wall,"James Guthrie, Eddy Joseph, Clive Winter, Graham Hartstone, Nicolas Le Messurier",True
1983,BAFTA Special Visual Effects,Poltergeist,Richard Edlund,True
1983,BAFTA Supporting Actor,Jack Nicholson,Reds,True
1983,BAFTA Supporting Actress,Rohini Hattangadi,Gandhi,True
1983,BAFTA Supporting Actress,Maureen Stapleton,Reds,True
1984,BAFTA Actor,Michael Caine,Educating Rita,True
1984,BAFTA Actor,Dustin Hoffman,Tootsie,True
1984,BAFTA Actress,Julie Walters,Educating Rita,True
1984,BAFTA Adapted Screenplay,Heat And Dust,Ruth Prawer Jhabvala,True
1984,BAFTA Cinematography,Fanny And Alexander,Sven Nykvist,True
1984,BAFTA Costume Design,La Traviata,Piero Tosi,True
1984,BAFTA Direction,Local Hero,Bill Forsyth,True
1984,BAFTA Editing,Flashdance,"Bud Smith, Walt Mulconery",True
1984,BAFTA Fellowship,Sam Spiegel,,True
1984,BAFTA Film,Educating Rita,Lewis Gilbert,True
1984,BAFTA Flaherty Documentary Award,Schindler,Jon Blair,True
1984,BAFTA Foreign Language Film,Danton,"Margaret Menegoz, Barbara Pec-Slesicka, Andrzej Wajda",True
1984,BAFTA Make,"Dorothy Pearl, George Masters, C Romaina Ford, Allen Weisinger",Tootsie,True
1984,BAFTA Most Promising Newcomer To Film,Phyllis Logan,"Another Time, Another Place",True
1984,BAFTA Original Screenplay,The King Of Comedy,Paul D Zimmerman,True
1984,BAFTA Original Song Written for a Film,An Officer And A Gentleman (Up Where We Belong),"Jack Nitzsche, Buffy Sainte-Marie, Will Jennings",True
1984,BAFTA Outstanding British Contribution To Cinema,Colin Young,,True
1984,BAFTA Production Design,La Traviata,"Franco Zeffirelli,  Gianni Quaranta",True
1984,BAFTA Score For A Film,Merry Christmas Mr Lawrence,Ryuichi Sakamoto,True
1984,BAFTA Short Animation,Henry's Cat,Bob Godfrey,True
1984,BAFTA Short Film,Goodie Two Shoes,Ian Emes,True
1984,BAFTA Sound,Wargames,"Willie D Burton, Michael J Kohut, William L Manger",True
1984,BAFTA Special Award,Dilys Powell,,True
1984,BAFTA Special Visual Effects,Return Of The Jedi,"Richard Edlund, Dennis Muren, Ken Ralston, Kit West",True
1984,BAFTA Supporting Actor,Denholm Elliott,Trading Places,True
1984,BAFTA Supporting Actress,Jamie Lee Curtis,Trading Places,True
1985,BAFTA Actor,Dr Haing S Ngor,The Killing Fields,True
1985,BAFTA Actress,Maggie Smith,A Private Function,True
1985,BAFTA Adapted Screenplay,The Killing Fields,Bruce Robinson,True
1985,BAFTA Cinematography,The Killing Fields,Chris Menges,True
1985,BAFTA Costume Design,Once Upon A Time In America,Gabriella Pescucci,True
1985,BAFTA Direction,"Paris, Texas",Wim Wenders,True
1985,BAFTA Editing,The Killing Fields,Jim Clark,True
1985,BAFTA Film,The Killing Fields,David Puttnam,True
1985,BAFTA Flaherty Documentary Award,28 Up,Michael Apted,True
1985,BAFTA Foreign Language Film,Carmen,"Emiliano Piedra, Carlos Saura",True
1985,BAFTA Make,"Paul Engelen, Peter Frampton, Rick Baker, Joan Hills","Greystoke: The Legend Of Tarzan, Lord Of The Apes",True
1985,BAFTA Most Promising Newcomer To Film,Dr Haing S Ngor,The Killing Fields,True
1985,BAFTA Original Screenplay,Broadway Danny Rose,Woody Allen,True
1985,BAFTA Original Song Written for a Film,Ghostbusters (Ghostbusters),Ray Parker Jr,True
1985,BAFTA Outstanding British Contribution To Cinema,Alan Parker & Alan Marshall,,True
1985,BAFTA Production Design,The Killing Fields,Roy Walker,True
1985,BAFTA Score For A Film,Once Upon A Time In America,Ennio Morricone,True
1985,BAFTA Short Animation,Rupert And The Frog Song,Geoff Dunbar,True
1985,BAFTA Short Film,The Dress,Eva Sereny,True
1985,BAFTA Sound,The Killing Fields,"Ian Fuller, Clive Winter, Bill Rowe",True
1985,BAFTA Special Visual Effects,Indiana Jones And The Temple Of Doom,"Dennis Muren, George Gibbs, Mike McAlister, Lorne Peterson",True
1985,BAFTA Supporting Actor,Denholm Elliott,A Private Function,True
1985,BAFTA Supporting Actress,Liz Smith,A Private Function,True
1986,BAFTA Actor in a Leading Role,William Hurt,Kiss Of The Spider Woman,True
1986,BAFTA Actor in a Supporting Role,Denholm Elliott,Defence Of The Realm,True
1986,BAFTA Actress in a Leading Role,Peggy Ashcroft,A Passage To India,True
1986,BAFTA Actress in a Supporting Role,Rosanna Arquette,Desperately Seeking Susan,True
1986,BAFTA Adapted Screenplay,Prizzi's Honour,"Richard Condon, Janet Roach",True
1986,BAFTA Cinematography,Amadeus,Miroslav Ondricek,True
1986,BAFTA Costume Design,The Cotton Club,Milena Canonero,True
1986,BAFTA Editing,Amadeus,"Nena Danevic, Michael Chandler",True
1986,BAFTA Fellowship,Steven Spielberg,,True
1986,BAFTA Film,The Purple Rose Of Cairo,"Robert Greenhut, Woody Allen",True
1986,BAFTA Flaherty Documentary Award,Omnibus: Leonard Berstein's West Side Story,Christopher Swann,True
1986,BAFTA Foreign Language Film,Colonel Redl (Oberst Redl),"Manfred Durniok, István Szabó",True
1986,BAFTA Make,"Paul LeBlanc, Dick Smith",Amadeus,True
1986,BAFTA Original Screenplay,The Purple Rose Of Cairo,Woody Allen,True
1986,BAFTA Outstanding British Contribution To Cinema,Sydney Samuelson,,True
1986,BAFTA Production Design,Brazil,Norman Garwood,True
1986,BAFTA Score For A Film,Witness,Maurice Jarre,True
1986,BAFTA Short Animation,Alias The Jester,"Brian Cosgrove, Mark Hall",True
1986,BAFTA Short Film,Careless Talk,Noella Smith,True
1986,BAFTA Sound,Amadeus,"John Nutt, Chris Newman, Mark Berger",True
1986,BAFTA Special Visual Effects,Brazil,"George Gibbs, Richard Conway",True
1987,BAFTA Achievement in Direction,Woody Allen,Hannah And Her Sisters,True
1987,BAFTA Actor in a Leading Role,Bob Hoskins,Mona Lisa,True
1987,BAFTA Actor in a Supporting Role,Ray McAnally,The Mission,True
1987,BAFTA Actress in a Leading Role,Maggie Smith,A Room With A View,True
1987,BAFTA Actress in a Supporting Role,Judi Dench,A Room With A View,True
1987,BAFTA Adapted Screenplay,Out Of Africa,Kurt Luedtke,True
1987,BAFTA Cinematography,Out Of Africa,David Watkin,True
1987,BAFTA Costume Design,A Room With A View,"Jenny Beavan, John Bright",True
1987,BAFTA Editing,The Mission,Jim Clark,True
1987,BAFTA Fellowship,Federico Fellini,,True
1987,BAFTA Film,A Room With A View,"Ismail Merchant, James Ivory",True
1987,BAFTA Flaherty Documentary Award,Shoah,Claude Lanzmann,True
1987,BAFTA Foreign Language Film,Ran,"Serge Silberman, Masato Hara, Akira Kurosawa",True
1987,BAFTA Make,"Shohichiro Meda, Tameyuki Aimi, Chihako Naito, Noriko Takamizawa",Ran,True
1987,BAFTA Original Screenplay,Hannah And Her Sisters,Woody Allen,True
1987,BAFTA Outstanding British Contribution To Cinema,The Film Production Executives,,True
1987,BAFTA Production Design,A Room With A View,"Gianni Quaranta, Brian Ackland-Snow",True
1987,BAFTA Score For A Film,The Mission,Ennio Morricone,True
1987,BAFTA Short Animation,Superted,"David Edwards, Robin Lyons",True
1987,BAFTA Short Film,La Boule,Simon Shore,True
1987,BAFTA Sound,Out Of Africa,"Tom McCarthy Jr, Peter Handford, Chris Jenkins",True
1987,BAFTA Special Award,Reginald  Collin,,True
1987,BAFTA Special Visual Effects,Aliens,"Robert Skotak, Brian Johnson, John Richardson, Stan Winston, Suzanne Benson",True
1988,BAFTA Achievement in Direction,Oliver Stone,Platoon,True
1988,BAFTA Achievement in Special Visual Effects,"Michael Lanteri, Michael Owens, Edward L Jones, Bruce Walters",Witches Of Eastwick,True
1988,BAFTA Actor in a Leading Role,Sean Connery,The Name Of The Rose,True
1988,BAFTA Actor in a Supporting Role,Daniel Auteuil,Jean De Florette,True
1988,BAFTA Actress in a Leading Role,Anne Bancroft,84 Charing Cross Road,True
1988,BAFTA Actress in a Supporting Role,Susan Wooldridge,Hope And Glory,True
1988,BAFTA Adapted Screenplay,Jean De Florette,"Claude Berri, Gerard Brach",True
1988,BAFTA Cinematography,Jean De Florette,Bruno Nuytten,True
1988,BAFTA Costume Design,Radio Days,Jeffrey Kurland,True
1988,BAFTA Editing,Platoon,Claire Simpson,True
1988,BAFTA Fellowship,Ingmar Bergman,,True
1988,BAFTA Film,Jean De Florette,Claude Berri,True
1988,BAFTA Flaherty Documentary Award,Baka - People Of The Rain Forest,Phil Agland,True
1988,BAFTA Foreign Language Film,The Sacrifice (Offret),"Anna-Lena Wibom, Andrei Tarkovsky",True
1988,BAFTA Make,Hasso Von Hugo,The Name Of The Rose,True
1988,BAFTA Original Screenplay,Wish You Were Here,David Leland,True
1988,BAFTA Outstanding British Contribution To Cinema,The Monty Python Team,The Monty Python Series,True
1988,BAFTA Production Design,Radio Days,Santo Loquasto,True
1988,BAFTA Score For A Film,The Untouchables,Ennio Morricone,True
1988,BAFTA Short Animation,The Reluctant Dragon,Bridget Appleby,True
1988,BAFTA Short Film,Artisten,Jonas Grimås,True
1988,BAFTA Sound,Cry Freedom,"Jonathan Bates, Simon Kaye, Gerry Humphreys",True
1988,BAFTA Special Award,John Mills,,True
1988,BAFTA Special Award,Dirk Bogarde,,True
1989,BAFTA Achievement in Direction,Louis Malle,"Goodbye, Children (Au Revoir Les Enfants)",True
1989,BAFTA Achievement in Special Visual Effects,"George Gibbs, Richard Williams, Ken Ralston, Edward Jones",Who Framed Roger Rabbit?,True
1989,BAFTA Actor in a Leading Role,John Cleese,A Fish Called Wanda,True
1989,BAFTA Actor in a Supporting Role,Michael Palin,A Fish Called Wanda,True
1989,BAFTA Actress in a Leading Role,Maggie Smith,The Lonely Passion Of Judith Hearne,True
1989,BAFTA Actress in a Supporting Role,Judi Dench,A Handful Of Dust,True
1989,BAFTA Adapted Screenplay,The Unbearable Lightness Of Being,"Jean-Claude Carrière, Philip Kaufman",True
1989,BAFTA Cinematography,Empire Of The Sun,Allen Daviau,True
1989,BAFTA Costume Design,The Last Emperor,James Acheson,True
1989,BAFTA Editing,Fatal Attraction,"Michael Kahn, Peter E Berger",True
1989,BAFTA Fellowship,Alec Guinness,,True
1989,BAFTA Film,The Last Emperor,"Jeremy Thomas, Bernardo Bertolucci",True
1989,BAFTA Film Not in the English Language,Babette's Feast (Babettes Gæstebud),"Just Betzer, Bo Christensen, Gabriel Axel",True
1989,BAFTA Flaherty Documentary Award,This Week: Death On The Rock,Chris Oxley,True
1989,BAFTA Make,Fabrizio Sforza,The Last Emperor,True
1989,BAFTA Original Screenplay,A World Apart,Shawn Slovo,True
1989,BAFTA Outstanding British Contribution To Cinema,Charles Crichton,,True
1989,BAFTA Post Office BAFTA Scholarship,Gillian Wilkinson,,True
1989,BAFTA Production Design,Tucker: The Man And His Dream,Dean Tavoularis,True
1989,BAFTA Score For A Film,Empire Of The Sun,John Williams,True
1989,BAFTA Short Animation,The Hill Farm,Mark Baker,True
1989,BAFTA Short Film,Defence Counsel Sedov (Zashchitnik Sedov),Evgeny Tsymbal,True
1989,BAFTA Sound,Empire Of The Sun,"Charles L Campbell, Colin Charles, Lou Edemann, Robert Knudson, Tony Dawe",True
1989,BAFTA Special Award,Leslie Hardcastle,,True
1989,BAFTA Special Award,Julie Andrews,,True
1989,BAFTA Special Award for Craft,Richard Williams,,True
1990,BAFTA Achievement in Direction,Kenneth Branagh,Henry V,True
1990,BAFTA Achievement in Special Visual Effects,"Ken Ralston, Michael Lantieri, John Bell, Steve Gawley",Back To The Future II,True
1990,BAFTA Actor in a Leading Role,Daniel Day-Lewis,My Left Foot,True
1990,BAFTA Actor in a Supporting Role,Ray McAnally,My Left Foot,True
1990,BAFTA Actress in a Leading Role,Pauline Collins,Shirley Valentine,True
1990,BAFTA Actress in a Supporting Role,Michelle Pfeiffer,Dangerous Liaisons,True
1990,BAFTA Adapted Screenplay,Dangerous Liaisons,Christopher Hampton,True
1990,BAFTA Cinematography,Mississippi Burning,Peter Biziou,True
1990,BAFTA Costume Design,The Adventures Of Baron Munchausen,Gabriella Pescucci,True
1990,BAFTA Editing,Mississippi Burning,Gerry Hambling,True
1990,BAFTA Film,Dead Poets Society,"Steven Haft, Paul Junger Witt, Tony Thomas, Peter Weir",True
1990,BAFTA Film Not in the English Language,Life And Nothing But (La Vie Et Rien D'Autre),"René Cleitman, Bertrand Tavernier",True
1990,BAFTA Flaherty Documentary Award,First Tuesday: Four Hours In My Lai,Kevin Sim,True
1990,BAFTA Make,"Maggie Weston, Fabrizio Sforza, Pam Meager",The Adventures Of Baron Munchausen,True
1990,BAFTA Original Film Score,Dead Poets Society,Maurice Jarre,True
1990,BAFTA Original Screenplay,When Harry Met Sally,Nora Ephron,True
1990,BAFTA Outstanding British Contribution To Cinema,Lewis Gilbert,,True
1990,BAFTA Production Design,The Adventures Of Baron Munchausen,Dante Ferretti,True
1990,BAFTA Short Animation,A Grand Day Out,Nick Park,True
1990,BAFTA Short Film,The Candy Show,"Peter Hewitt, David Freeman, Damian Jones",True
1990,BAFTA Sound,Mississippi Burning,"Bill Phillips, Danny Michael, Robert Litt, Elliot Tyson, Richard C Kline",True
1990,BAFTA Special Award,Bob Reid,,True
1990,BAFTA Special Award,Sean Connery,,True
1990,BAFTA Special Award,Leslie Halliwell,,True
1991,BAFTA Achievement in Direction,Martin Scorsese,Goodfellas,True
1991,BAFTA Achievement in Special Visual Effects,Production Team,Honey I Shrunk The Kids,True
1991,BAFTA Actor in a Leading Role,Philippe Noiret,Cinema Paradiso,True
1991,BAFTA Actor in a Supporting Role,Salvatore Cascio,Cinema Paradiso,True
1991,BAFTA Actress in a Leading Role,Jessica Tandy,Driving Miss Daisy,True
1991,BAFTA Actress in a Supporting Role,Whoopi Goldberg,Ghost,True
1991,BAFTA Adapted Screenplay,Goodfellas,"Nicholas Pileggi, Martin Scorsese",True
1991,BAFTA Cinematography,The Sheltering Sky,Vittorio Storaro,True
1991,BAFTA Costume Design,Goodfellas,Richard Bruno,True
1991,BAFTA Editing,Goodfellas,Thelma Schoonmaker,True
1991,BAFTA Fellowship,Louis Malle,,True
1991,BAFTA Film,Goodfellas,"Irwin Winkler, Martin Scorsese",True
1991,BAFTA Film Not in the English Language,Cinema Paradiso,"Franco Cristaldi, Giuseppe Tornatore",True
1991,BAFTA Make,"John Caglione Jr, Doug Drexler",Dick Tracy,True
1991,BAFTA Original Film Score,Cinema Paradiso,"Ennio Morricone, Andrea Morricone",True
1991,BAFTA Original Screenplay,Cinema Paradiso,Giuseppe Tornatore,True
1991,BAFTA Outstanding British Contribution To Cinema,Jeremy Thomas,,True
1991,BAFTA Production Design,Dick Tracy,Richard Sylbert,True
1991,BAFTA Short Animation,Toxic,Andrew McEwan,True
1991,BAFTA Short Film,Say Goodbye,"Michele Camarda, John Roberts",True
1991,BAFTA Sound,The Fabulous Baker Boys,"J Paul Huntsman, Stephan Von Hase, Chris Jenkins, Gary Alexander, DM Hemphill",True
1991,BAFTA Special Award,Angela Lansbury,,True
1991,BAFTA Special Award,Deborah Kerr,,True
1991,BAFTA Special Award,Alistair Cooke,,True
1991,BAFTA Special Award for Craft,John Box,,True
1992,BAFTA Achievement in Special Visual Effects,"Stan Winston, Dennis Muren, Gene Warren Jr, Robert Skotak",Terminator 2: Judgement Day,True
1992,BAFTA Actor in a Leading Role,Anthony Hopkins,The Silence Of The Lambs,True
1992,BAFTA Actor in a Supporting Role,Alan Rickman,Robin Hood: Prince Of Thieves,True
1992,BAFTA Actress in a Leading Role,Jodie Foster,The Silence Of The Lambs,True
1992,BAFTA Actress in a Supporting Role,Kate Nelligan,Frankie And Johnny,True
1992,BAFTA Adapted Screenplay,The Commitments,"Dick Clement, Ian La Frenais, Roddy Doyle",True
1992,BAFTA Cinematography,Cyrano De Bergerac,Pierre Lhomme,True
1992,BAFTA Costume Design,Cyrano De Bergerac,Franca Squarciapino,True
1992,BAFTA David Lean Award for Achievement in Direction,The Commitments,Alan Parker,True
1992,BAFTA Editing,The Commitments,Gerry Hambling,True
1992,BAFTA Fellowship,John Gielgud,,True
1992,BAFTA Film,The Commitments,"Roger Randall-Cutler, Lynda Myles, Alan Parker",True
1992,BAFTA Film Not in the English Language,The Nasty Girl (Das Schreckliche Mädchen),Michael Verhoeven,True
1992,BAFTA Make,Cyrano De Bergerac,"Jean-Pierre Eychenne, Michele Burke",True
1992,BAFTA Original Film Music,Cyrano De Bergerac,Jean-Claude Petit,True
1992,BAFTA Original Screenplay,"Truly, Madly, Deeply",Anthony Minghella,True
1992,BAFTA Outstanding British Contribution To Cinema,Derek Jarman,,True
1992,BAFTA Production Design,Edward Scissorhands,Bo Welch,True
1992,BAFTA Short Animation,Balloon,Ken Lidster,True
1992,BAFTA Short Film,The Harmfulness Of Tobacco,"Barry Palin,  Nick Hamm",True
1992,BAFTA Sound,Terminator 2: Judgement Day,"Lee Orloff, Tom Johnson, Gary Rydstrom, Gary Summers",True
1992,BAFTA Special Award,Mitzi Cunliffe,,True
1992,BAFTA Special Award,Audrey Hepburn,,True
1992,BAFTA Special Award,Ridley Scott,,True
1992,BAFTA Special Award for Craft,Tom Smith,,True
1993,BAFTA Achievements in Special Effects,"Michael Lantieri, Ken Ralston, Alec Gillis, Tom Woodruff Jr, Doug Chiang, Doug Smythe",Death Becomes Her,True
1993,BAFTA Actor in a Leading Role,Robert Downey Jr.,Chaplin,True
1993,BAFTA Actor in a Supporting Role,Gene Hackman,Unforgiven,True
1993,BAFTA Actress in a Leading Role,Emma Thompson,Howards End,True
1993,BAFTA Actress in a Supporting Role,Miranda Richardson,Damage,True
1993,BAFTA Adapted Screenplay,The Player,Michael Tolkin,True
1993,BAFTA Alexander Korda Award for the outstanding British Film of the Year,The Crying Game,"Stephen Woolley, Neil Jordan",True
1993,BAFTA Cinematography,The Last Of The Mohicans,Dante Spinotti,True
1993,BAFTA Costume Design,Strictly Ballroom,"Angus Strathie, Catherine Martin",True
1993,BAFTA David Lean Award for Achievement in Direction,The Player,Robert Altman,True
1993,BAFTA Editing,JFK,"Joe Hutshing, Pietro Scalia",True
1993,BAFTA Fellowship,Colin Young,,True
1993,BAFTA Fellowship,Sydney Samuelson,,True
1993,BAFTA Film,Howards End,"Ismail Merchant, James Ivory",True
1993,BAFTA Film Not in the English Language,Raise The Red Lantern (Da Hong Deng Long Gao Gao Gua),"Chiu Fu-Sheng, Zhang Yimou",True
1993,BAFTA Make,The Last Of The Mohicans,Peter Robb-King,True
1993,BAFTA Original Film Music,Strictly Ballroom,David Hirschfelder,True
1993,BAFTA Original Screenplay,Husbands And Wives,Woody Allen,True
1993,BAFTA Outstanding British Contribution To Cinema,Kenneth Branagh,,True
1993,BAFTA Production Design,Strictly Ballroom,Catherine Martin,True
1993,BAFTA Short Animation,Daumier's Law,"Ginger Gibbons, Geoff Dunbar",True
1993,BAFTA Short Film,Omnibus,"Anne Bennet, Sam Karmann",True
1993,BAFTA Sound,JFK,"Tod A Maitland, Wylie Statesman, Michael D Wilhoit, Michael Minkler, Gregg Landaker",True
1993,BAFTA Special Award,Maggie Smith,,True
1993,BAFTA Special Award,HRH The Princess Royal,,True
1993,BAFTA Special Award for Craft,Douglas Slocombe,,True
1994,BAFTA Achievement in Special Visual Effects,"Dennis Muren, Stan Winston, Phil Tippett, Michael Lantieri",Jurassic Park,True
1994,BAFTA Actor in a Leading Role,Anthony Hopkins,The Remains Of The Day,True
1994,BAFTA Actor in a Supporting Role,Ralph Fiennes,Schindler's List,True
1994,BAFTA Actress in a Leading Role,Holly Hunter,The Piano,True
1994,BAFTA Actress in a Supporting Role,Miriam Margolyes,The Age Of Innocence,True
1994,BAFTA Adapted Screenplay,Schindler's List,Steven Zaillian,True
1994,BAFTA Alexander Korda Award for the outstanding British Film of the Year,Shadowlands,"Richard Attenborough, Brian Eastman",True
1994,BAFTA Cinematography,Schindler's List,Janusz Kaminski,True
1994,BAFTA Costume Design,The Piano,Janet Patterson,True
1994,BAFTA David Lean Award for Achievement in Direction,Schindler's List,Steven Spielberg,True
1994,BAFTA Editing,Schindler's List,Michael Kahn,True
1994,BAFTA Film,Schindler's List,"Steven Spielberg, Gerald R Molen, Branko Lustig",True
1994,BAFTA Film Not in the English Language,Farewell My Concubine (Ba Wang Bie Ji),"Hsu Feng, Chen Kaige",True
1994,BAFTA Lloyds Bank People's Vote For The Most Popular Film,Jurassic Park,,True
1994,BAFTA Make,Orlando,Morag Ross,True
1994,BAFTA Original Screenplay,Groundhog Day,"Danny Rubin, Harold Ramis",True
1994,BAFTA Outstanding British Contribution To Cinema,Ken Loach,,True
1994,BAFTA Production Design,The Piano,Andrew McAlpine,True
1994,BAFTA Score for a Film,Schindler's List,John Williams,True
1994,BAFTA Short Animation,The Wrong Trousers,"Christopher Moll, Nick Park",True
1994,BAFTA Short Film,Franz Kafka's It's A Wonderful Life,"Ruth Kenley-Letts, Peter Capaldi",True
1994,BAFTA Sound,The Fugitive,"John Leveque, Bruce Stambler, Becky Sullivan, Scott D Smith, Donald O Mitchell, Michael Herbick, Frank A Montaño",True
1994,BAFTA Special Award,Richard Attenborough,,True
1994,BAFTA Special Award,Kodak,,True
1994,BAFTA Special Award for Craft,Phyllis Dalton,,True
1995,BAFTA Achievement in Special Visual Effects,"Ken Ralston, George Murphy, Stephen Rosenbaum, Allen Hall, Doug Chiang",Forrest Gump,True
1995,BAFTA Actor in a Leading Role,Hugh Grant,Four Weddings And A Funeral,True
1995,BAFTA Actor in a Supporting Role,Samuel L Jackson,Pulp Fiction,True
1995,BAFTA Actress in a Leading Role,Susan Sarandon,The Client,True
1995,BAFTA Actress in a Supporting Role,Kristin Scott Thomas,Four Weddings And A Funeral,True
1995,BAFTA Adapted Screenplay,Quiz Show,Paul Attanasio,True
1995,BAFTA Alexander Korda Award for the outstanding British Film of the Year,Shallow Grave,"Andrew Macdonald, Danny Boyle",True
1995,BAFTA Anthony Asquith Award for Original Film Music,Backbeat,Don Was,True
1995,BAFTA Cinematography,Interview With The Vampire,Philippe Rousselot,True
1995,BAFTA Costume Design,"The Adventures Of Priscilla, Queen Of The Desert","Lizzy Gardiner, Tim Chappel",True
1995,BAFTA David Lean Award for Achievement in Direction,Four Weddings And A Funeral,Mike Newell,True
1995,BAFTA Editing,Speed,John Wright,True
1995,BAFTA Fellowship,Billy Wilder,,True
1995,BAFTA Film,Four Weddings And A Funeral,"Duncan Kenworthy, Mike Newell",True
1995,BAFTA Film Not in the English Language,To Live (Huozhe),"Chiu Fu Sheng, Zhang Yimou",True
1995,BAFTA Lloyds Bank People's Vote For The Most Popular Film,Four Weddings And A Funeral,,True
1995,BAFTA Make,"The Adventures Of Priscilla, Queen Of The Desert","Cassie Hanlon, Angela Conte, Strykermeyer",True
1995,BAFTA Original Screenplay,Pulp Fiction,"Quentin Tarantino, Roger Avary",True
1995,BAFTA Outstanding British Contribution To Cinema,Ridley Scott & Tony Scott,,True
1995,BAFTA Production Design,Interview With The Vampire,Dante Ferretti,True
1995,BAFTA Short Animation,The Big Story,"Tim Watts, David Stoten",True
1995,BAFTA Short Film,Zinky Boys Go Underground,"Tatiana Kennedy, Paul Tickell",True
1995,BAFTA Sound,Speed,"Stephen Hunter Flick, Gregg Landaker, Steve Maslow, Bob Beemer, David R B MacMillan",True
1995,BAFTA Special Award,Richard Attenborough,,True
1996,BAFTA Achievement in Special Visual Effects,"Robert Legato, Michael Kanfer, Matt Sweeney, Leslie Ekker",Apollo 13,True
1996,BAFTA Actor in a Leading Role,Nigel Hawthorne,The Madness Of King George,True
1996,BAFTA Actor in a Supporting Role,Tim Roth,Rob Roy,True
1996,BAFTA Actress in a Leading Role,Emma Thompson,Sense And Sensibility,True
1996,BAFTA Actress in a Supporting Role,Kate Winslet,Sense And Sensibility,True
1996,BAFTA Adapted Screenplay,Trainspotting,John Hodge,True
1996,BAFTA Alexander Korda Award for the outstanding British Film of the Year,The Madness Of King George,"Stephen Evans, David Parfitt, Nicholas Hytner",True
1996,BAFTA Anthony Asquith Award for Original Film Music,The  Postman (Il Postino),Luis Bacalov,True
1996,BAFTA Cinematography,Braveheart,John Toll,True
1996,BAFTA Costume Design,Braveheart,Charles Knode,True
1996,BAFTA David Lean Award for Achievement in Direction,The Postman (Il Postino),Michael Radford,True
1996,BAFTA Editing,The Usual Suspects,John Ottman,True
1996,BAFTA Fellowship,Jeanne Moreau,,True
1996,BAFTA Fellowship,John Schlesinger,,True
1996,BAFTA Fellowship,Ronald Neame,,True
1996,BAFTA Fellowship,Maggie Smith,,True
1996,BAFTA Film,Sense And Sensibility,"Lindsay Doran, Ang Lee",True
1996,BAFTA Film Not in the English Language,The Postman (Il Postino),"Mario Cecchi Gori, Vittorio Cecchi Gori, Gaetano Daniele, Michael Radford",True
1996,BAFTA Lloyds Bank People's Vote For The Most Popular Film,Braveheart,,True
1996,BAFTA Make,The Madness Of King George,Lisa Westcott,True
1996,BAFTA Original Screenplay,The Usual Suspects,Christopher McQuarrie,True
1996,BAFTA Outstanding British Contribution To Cinema,Mike Leigh,,True
1996,BAFTA Production Design,Apollo 13,Michael Corenblith,True
1996,BAFTA Short Animation,A Close Shave,"Carla Shelly, Michael Rose, Nick Park",True
1996,BAFTA Short Film,It's Not Unusual,"Asmaa Pirzada, Kfir Yefet",True
1996,BAFTA Sound,Braveheart,"Per Hallberg, Lon Bender, Brian Simmons, Andy Nelson, Scott Millan, Anna Behlmer",True
1996,BAFTA Special Award,Freddie Young,,True
2001,BAFTA Achievement in Special Visual Effects,"Stefen Fangmeier, John Frazier, Walt Conti,  Habib Zargarpour, Tim Alexander",The Perfect Storm,True
2001,BAFTA Actor in a Leading Role,Jamie Bell,Billy Elliot,True
2001,BAFTA Actor in a Supporting Role,Benicio Del Toro,Traffic,True
2001,BAFTA Actress in a Leading Role,Julia Roberts,Erin Brockovich,True
2001,BAFTA Actress in a Supporting Role,Julie Walters,Billy Elliot,True
2001,BAFTA Adapted Screenplay,Traffic,Stephen Gaghan,True
2001,BAFTA Alexander Korda Award for the outstanding British Film of the Year,Billy Elliot,"Greg Brenman, Jon Finn, Stephen Daldry",True
2001,BAFTA Anthony Asquith Award for Original Film Music,"Crouching Tiger, Hidden Dragon (Wo Hu Cang Long)",Tan Dun,True
2001,BAFTA Carl Foreman Award for the Most Promising Newcomer in British Film,Pawel Pawlikowski,The Last Resort,True
2001,BAFTA Cinematography,Gladiator,John Mathieson,True
2001,BAFTA Costume Design,"Crouching Tiger, Hidden Dragon (Wo Hu Cang Long)",Tim Yip,True
2001,BAFTA David Lean Award for Achievement in Direction,"Crouching Tiger, Hidden Dragon (Wo Hu Cang Long)",Ang Lee,True
2001,BAFTA Editing,Gladiator,Pietro Scalia,True
2001,BAFTA Fellowship,Albert Finney,,True
2001,BAFTA Fellowship,Judi Dench,,True
2001,BAFTA Film,Gladiator,"Douglas Wick, David Franzoni,  Branko Lustig",True
2001,BAFTA Film Not in the English Language,"Crouching Tiger, Hidden Dragon (Wo Hu Cang Long)","Bill Kong, Hsu Li Kong, Ang Lee",True
2001,BAFTA Make,The Grinch,"Rick Baker, Kazuhiro Tsuji, Tony G, Gail Ryan, Sylvia Nava",True
2001,BAFTA Orange Film Of The Year,Gladiator,,True
2001,BAFTA Original Screenplay,Almost Famous,Cameron Crowe,True
2001,BAFTA Outstanding British Contribution To Cinema,Mary Selway,,True
2001,BAFTA Production Design,Gladiator,Arthur Max,True
2001,BAFTA Short Animation,Father And Daughter,"Claire Jennings, Willem Thijssen, Michael Dudok De Wit",True
2001,BAFTA Short Film,Shadowscan,"Gary Holding, Justine Leahy, Tinge Krishnan",True
2001,BAFTA Sound,Almost Famous,"Jeff Wexler, DM Hemphill, Rick Kline, Paul Massey, Mike Wilhoit",True
2001,BAFTA Special Award,Guy Green,,True
2001,BAFTA Special Award,Jack Cardiff,,True
2016,BAFTA Adapted Screenplay,The Big Short,"Adam McKay, Charles Randolph",True
2016,BAFTA Animated Film,Inside Out,Pete Docter,True
2016,BAFTA British Short Animation,Edmond,"Nina Gantz, Emilie Jouffroy",True
2016,BAFTA British Short Film,Operator,"Caroline Bartleet, Rebecca Morgan",True
2016,BAFTA Cinematography,The Revenant,Emmanuel Lubezki,True
2016,BAFTA Costume Design,Mad Max: Fury Road,Jenny Beavan,True
2016,BAFTA Director,Alejandro G. Iñárritu,The Revenant,True
2016,BAFTA Documentary,Amy,"James Gay-Rees, Asif Kapadia",True
2016,BAFTA EE Rising Star,John Boyega,,True
2016,BAFTA Editing,Mad Max: Fury Road,Margaret Sixel,True
2016,BAFTA Fellowship,Sidney Poitier,,True
2016,BAFTA Film,The Revenant,"Steve Golin, Alejandro G. Iñárritu, Arnon Milchan, Mary Parent, Keith Redmon",True
2016,BAFTA Film Not in the English Language,Wild Tales,Damián Szifron,True
2016,BAFTA Leading Actor,Leonardo DiCaprio,The Revenant,True
2016,BAFTA Leading Actress,Brie Larson,Room,True
2016,BAFTA Make,Mad Max: Fury Road,"Damian Martin, Lesley Vanderwalt",True
2016,BAFTA Original Music,The Hateful Eight,Ennio Morricone,True
2016,BAFTA Original Screenplay,Spotlight,"Tom McCarthy, Josh Singer",True
2016,BAFTA Outstanding British Contribution to Cinema,Angels Costumes,,True
2016,BAFTA Outstanding British Film,Brooklyn,"John Crowley, Finola Dwyer, Nick Hornby, Amanda Posey",True
2016,"BAFTA Outstanding Debut By A British Writer, Director or Producer","Naji Abu Nowar, Rupert Lloyd",Theeb,True
2016,BAFTA Production Design,Mad Max: Fury Road,"Colin Gibson, Lisa Thompson",True
2016,BAFTA Sound,The Revenant,"Lon Bender, Chris Duesterdiek, Martin Hernandez, Frank A. Montaño, Jon Taylor, Randy Thom",True
2016,BAFTA Special Visual Effects,Star Wars: The Force Awakens,"Chris Corbould, Roger Guyett, Paul Kavanagh, Neal Scanlan",True
2016,BAFTA Supporting Actor,Mark Rylance,Bridge Of Spies,True
2016,BAFTA Supporting Actress,Kate Winslet,Steve Jobs,True
2017,BAFTA Adapted Screenplay,Lion,Luke Davies,True
2017,BAFTA Animated Film,Kubo and the Two Strings,Travis Knight,True
2017,BAFTA British Short Animation,A Love Story,"Khaled Gad, Anushka Kashani Naanayakkara, Elena Ruscombe-King",True
2017,BAFTA British Short Film,Home,"Shpat Deda, Afolabi Kuti, Daniel Mulloy, Scott ODonnell",True
2017,BAFTA Cinematography,La La Land,Linus Sandgren,True
2017,BAFTA Costume Design,Jackie,Madeline Fontaine,True
2017,BAFTA Director,Damien Chazelle,La La Land,True
2017,BAFTA Documentary,13th,"Ava Duvernay, Spencer Averick, Howard Barish",True
2017,BAFTA EE Rising Star,Tom Holland,,True
2017,BAFTA Editing,Hacksaw Ridge,John Gilbert,True
2017,BAFTA Fellowship,Mel Brooks,,True
2017,BAFTA Film,La La Land,"Fred Berger, Jordan Horowitz, Marc Platt",True
2017,BAFTA Film Not in the English Language,Son of Saul,"László Nemes, Gábor Sipos",True
2017,BAFTA Leading Actor,Casey Affleck,Manchester by the Sea,True
2017,BAFTA Leading Actress,Emma Stone,La La Land,True
2017,BAFTA Make Up and Hair,Florence Foster Jenkins,"J. Roy Helland, Daniel Phillips",True
2017,BAFTA Original Music,La La Land,Justin Hurwitz,True
2017,BAFTA Original Screenplay,Manchester by the Sea,Kenneth Lonergan,True
2017,BAFTA Outstanding British Contribution to Cinema,Curzon,,True
2017,BAFTA Outstanding British Film,"I, Daniel Blake","Ken Loach, Rebecca O'Brien, Paul Laverty",True
2017,"BAFTA Outstanding Debut By A British Writer, Director or Producer","Babak Anvari, Emily Leo, Oliver Roskill, Lucan Toh",Under The Shadow,True
2017,BAFTA Production Design,Fantastic Beasts and Where to Find Them,"Stuart Craig, Anna Pinnock",True
2017,BAFTA Sound,Arrival,"Claude La Haye, Bernard Gariépy Strobl, Sylvain Bellemare",True
2017,BAFTA Special Visual Effects,The Jungle Book,"Robert Legato, Dan Lemmon, Andrew R Jones, Adam Valdez",True
2017,BAFTA Supporting Actor,Dev Patel,Lion,True
2017,BAFTA Supporting Actress,Viola Davis,Fences,True
2018,BAFTA Adapted Screenplay,Call Me by Your Name,James Ivory,True
2018,BAFTA Animated Film,Coco,"Lee Unkrich, Darla K. Anderson",True
2018,BAFTA Best Film,"Three Billboards Outside Ebbing, Missouri","Graham Broadbent, Pete Czernin, Martin McDonagh",True
2018,BAFTA British Short Animation,Poles Apart,"Paloma Baeza, Ser En Low",True
2018,BAFTA British Short Film,Cowboy Dave,"Colin O'Toole, Jonas Mortensen",True
2018,BAFTA Cinematography,Blade Runner 2049,Roger Deakins,True
2018,BAFTA Costume Design,Phantom Thread,Mark Bridges,True
2018,BAFTA Director,The Shape of Water,Guillermo del Toro,True
2018,BAFTA Documentary,I Am Not Your Negro,Raoul Peck,True
2018,BAFTA EE Rising Star,Daniel Kaluuya,,True
2018,BAFTA Editing,Baby Driver,"Jonathan Amos, Paul Machliss",True
2018,BAFTA Fellowship,Ridley Scott,,True
2018,BAFTA Film Not in the English Language,The Handmaiden,"Park Chan-wook, Syd Lim",True
2018,BAFTA Leading Actor,Gary Oldman,Darkest Hour,True
2018,BAFTA Leading Actress,Frances McDormand,"Three Billboards Outside Ebbing, Missouri",True
2018,BAFTA Make Up and Hair,Darkest Hour,"David Malinowski, Ivana Primorac, Lucy Sibbick, Kazuhiro Tsuji",True
2018,BAFTA Original Music,The Shape of Water,Alexandre Desplat,True
2018,BAFTA Original Screenplay,"Three Billboards Outside Ebbing, Missouri",Martin McDonagh,True
2018,BAFTA Outstanding British Contribution to Cinema,National Film and Television School (NFTS),,True
2018,BAFTA Outstanding British Film,"Three Billboards Outside Ebbing, Missouri","Martin McDonagh, Graham Broadbent, Pete Czernin",True
2018,"BAFTA Outstanding Debut by a British Writer, Director or Producer",I Am Not a Witch,"Rungano Nyoni (Writer/Director), Emily Morgan (Producer)",True
2018,BAFTA Production Design,The Shape of Water,"Paul Austerberry, Jeff Melvin, Shane Vieau",True
2018,BAFTA Sound,Dunkirk,"Alex Gibson, Richard King, Gregg Landaker, Gary A. Rizzo, Mark Weingarten",True
2018,BAFTA Special Visual Effects,Blade Runner 2049,"Richard R. Hoover, Paul Lambert, Gerd Nefzer, John Nelson",True
2018,BAFTA Supporting Actor,Sam Rockwell,"Three Billboards Outside Ebbing, Missouri",True
2018,BAFTA Supporting Actress,Allison Janney,"I, Tonya",True
2019,BAFTA Adapted Screenplay,BlacKkKlansman,"Spike Lee, David Rabinowitz, Charlie Wachtel, Kevin Willmott",True
2019,BAFTA Animated Film,Spider-Man: Into The Spider-Verse,"Bob Persichetti, Peter Ramsey, Rodney Rothman, Phil Lord",True
2019,BAFTA Best Film,Roma,"Alfonso Cuaron, Gabriela Rodriguez",True
2019,BAFTA British Short Animation,Roughhouse,"Jonathan Hodgson, Richard Van Den Boom",True
2019,BAFTA British Short Film,73 Cows,Alex Lockwood,True
2019,BAFTA Cinematography,Roma,Alfonso Cuaron,True
2019,BAFTA Costume Design,The Favourite,Sandy Powell,True
2019,BAFTA Director,Roma,Alfonso Cuaron,True
2019,BAFTA Documentary,Free Solo,"Elizabeth Chai Vasarhelyi, Jimmy Chin, Shannon Dill, Evan Hayes",True
2019,BAFTA EE Rising Star Award,Letitia Wright,,True
2019,BAFTA Editing,Vice,Hank Corwin,True
2019,BAFTA Fellowship,Thelma Schoonmaker,,True
2019,BAFTA Film Not in the English Language,Roma,"Alfonso Cuaron, Gabriela Rodriguez",True
2019,BAFTA Leading Actor,Rami Malek,Bohemian Rhapsody,True
2019,BAFTA Leading Actress,Olivia Colman,The Favourite,True
2019,BAFTA Make Up and Hair,The Favourite,Nadia Stacey,True
2019,BAFTA Original Music,A Star Is Born,"Bradley Cooper, Lady Gaga, Lukas Nelson",True
2019,BAFTA Original Screenplay,The Favourite,"Deborah Davis, Tony McNamara",True
2019,BAFTA Outstanding British Contribution to Cinema,Elizabeth Karlsen and Stephen Woolley,,True
2019,BAFTA Outstanding British Film,The Favourite,"Yorgos Lanthimos, Ceci Dempsey, Ed Guiney, Lee Magiday, Deborah Davis, Tony McNamara",True
2019,"BAFTA Outstanding Debut by a British Writer, Director or Producer",Beast,"Michael Pearce (Writer/Director), Lauren Dark (Producer)",True
2019,BAFTA Production Design,The Favourite,"Fiona Crombie, Alice Felton",True
2019,BAFTA Sound,Bohemian Rhapsody,"John Casali, Tim Cavagin, Nina Hartstone, Paul Massey, John Warhurst",True
2019,BAFTA Special Visual Effects,Black Panther,"Geoffrey Baumann, Jesse James Chisholm, Craig Hammack, Dan Sudick",True
2019,BAFTA Supporting Actor,Mahershala Ali,Green Book,True
2019,BAFTA Supporting Actress,Rachel Weisz,The Favourite,True
2020,BAFTA Adapted Screenplay,Jojo Rabbit,Taika Waititi,True
2020,BAFTA Animated Film,Klaus,"Sergio Pablos, Jinko Gotoh",True
2020,BAFTA Best Film,1917,"Pippa Harris, Callum McDougall, Sam Mendes, Jayne-Ann Tenggren",True
2020,BAFTA British Short Animation,Grandad Was A Romantic,Maryam Mohajer,True
2020,BAFTA British Short Film,Learning To Skateboard In A Warzone (If You're A Girl),"Carol Dysinger, Elena Andreicheva",True
2020,BAFTA Casting,Joker,Shayna Markowitz,True
2020,BAFTA Cinematography,1917,Roger Deakins,True
2020,BAFTA Costume Design,Little Women,Jacqueline Durran,True
2020,BAFTA Director,1917,Sam Mendes,True
2020,BAFTA Documentary,For Sama,"Waad al-Kateab, Edward Watts",True
2020,BAFTA EE Rising Star Award,Micheal Ward,,True
2020,BAFTA Editing,Le Mans '66,"Andrew Buckland, Michael McCusker",True
2020,BAFTA Fellowship,Kathleen Kennedy,,True
2020,BAFTA Film Not In The English Language,Parasite,Bong Joon Ho,True
2020,BAFTA Leading Actor,Joaquin Phoenix,Joker,True
2020,BAFTA Leading Actress,Renée Zellweger,Judy,True
2020,BAFTA Make Up & Hair,Bombshell,"Vivian Baker, Kazu Hiro, Anne Morgan",True
2020,BAFTA Original Score,Joker,Hildur Guðnadóttir,True
2020,BAFTA Original Screenplay,Parasite,"Han Jin Won, Bong Joon Ho",True
2020,BAFTA Outstanding British Film,1917,"Sam Mendes, Pippa Harris, Callum McDougall, Jayne-Ann Tenggren, Krysty Wilson-Cairns",True
2020,"BAFTA Outstanding Debut By A British Writer, Director Or Producer",Bait,"Mark Jenkin (Writer/Director), Kate Byers, Linn Waite (Producers)",True
2020,BAFTA Production Design,1917,"Dennis Gassner, Lee Sandales",True
2020,BAFTA Sound,1917,"Scott Millan, Oliver Tarney, Rachael Tate, Mark Taylor, Stuart Wilson",True
2020,BAFTA Special Visual Effects,1917,"Greg Butler, Guillaume Rocheron, Dominic Tuohy",True
2020,BAFTA Supporting Actor,Brad Pitt,Once Upon a Time.. in Hollywood,True
2020,BAFTA Supporting Actress,Marriage Story,Laura Dern,True
